User_ID,Username,Password_Hash,Role
1,rajesh_iyer_1,$2b$12$pigTHKbfoLISRABr1VjArnVgxwvqcCh5esM2wleO,Admin
2,anita_nair_2,$2b$12$1xCZkwPRQeNHpCq5QnuVdYXye4JSnE2NiiUHUAKw,Admin
3,naveen_pillai_3,$2b$12$fcgMXAdx9G81aSQHqNgAC72qFl41sNLjVHWGaub5,Admin
4,anjali_verma_4,$2b$12$oJeTY8HhO6kGL75UQSyPx3BpdbIKaRdebuFrEHS2,Admin
5,anjali_pillai_5,$2b$12$YlgAACTP9gyv1plBArp5B1Id9Z850kEnydx9qWCA,Admin
6,kavita_rao_6,$2b$12$s8JHUdKF0j7elKPoh3pKMzKG5mSoyPstUeC99enq,Officer
7,anita_nair_7,$2b$12$wjZRL9OaYsP6ihgIqLSmNqE40fAraVNqTIAae24H,Officer
8,padma_tiwari_8,$2b$12$jht3X13npgW2zMj518Y2bTu5X1YqWg21nYCsXobl,Officer
9,rekha_singh_9,$2b$12$7rNy8H6h8l7qgATtLFxJpRa5HSUPwePut0Sstzys,Officer
10,deepak_das_10,$2b$12$PxUkJzZsnWLtBPFX7TOrPMf7otYjc9LVC2JSxyjQ,Officer
11,ravi_nair_11,$2b$12$k7Gdp0CXP9K63LSFZH3UDqpNVGMrerqtHioRRdzH,Officer
12,sunita_rao_12,$2b$12$ZyV6b2JD6sy3ZHTX3EqEyPXS058H4KPfA1lquCu2,Officer
13,geeta_iyer_13,$2b$12$ZDUd7ne7cbp0MoDh6CpwL7SWktJ5J4x6mKZpRsQX,Officer
14,kiran_tiwari_14,$2b$12$AwFv0Yg7NZRBT7qYHDBTq0Zf2pCLxb0lnXv2Rra6,Officer
15,rahul_das_15,$2b$12$EVQOEXfnQsKDGAUuRqphlhHVlnES8GrgmolaHr8I,Officer
16,harish_patel_16,$2b$12$2JDBld6DYyeNdjIs9hVLXnGBB19sMLT6mnOjkeaB,Officer
17,seema_verma_17,$2b$12$oRRCQ5WMO5AHO4ZektUJrhQR6FEecAtpf7ZJ69Pq,Officer
18,sanjay_pillai_18,$2b$12$GBr9BY8DztgjzEPyVcfphV1Za1CdGMEBdqir2EbN,Officer
19,sanjay_joshi_19,$2b$12$IIf94ChZESFqZ8pIx5F21rWz5FYrsK9EjHvIHCtl,Officer
20,dinesh_bose_20,$2b$12$oWcURYxPY8EcFK12BGCSzOjD8uQO001xtSV2ceN5,Officer
21,sunil_das_21,$2b$12$8VRgksbudwApzQlkLxQEKoNCP3CrHe69s7QCs90g,Officer
22,padma_chopra_22,$2b$12$J9s8OrJQUdLE4rXLvNMQSOZM4OtBJTfsUkiH8G4Z,Officer
23,nisha_joshi_23,$2b$12$Uvh7i71S87XwXaHCPPKY6gob2I4ndZ4szi6sEg3i,Officer
24,usha_tiwari_24,$2b$12$zUjzgEz6cwB61gQH8wylh0CPNLbWphJeVmn1uj3a,Officer
25,arun_tiwari_25,$2b$12$pkObaWoukdTGUDWFgF6cW1GC7dDyQE4efLerNHu9,Officer
26,sushma_mishra_26,$2b$12$LgR0OVSnBovCzfAPxj5eZffTYIKIuhvPU1S8LvJn,Officer
27,anjali_patel_27,$2b$12$vIhroAIVMPILOQbqV5vliOeT8fGxCjtu6K2jUdfB,Officer
28,nisha_pandey_28,$2b$12$BqUhArQEPcyLasnipuaUkxRFZXe1cb51JJRzhbuX,Officer
29,usha_singh_29,$2b$12$BgBye1UnWeNGmWv7OjgpkjVe6MCIJQ2N9u8tBDNX,Officer
30,kiran_mishra_30,$2b$12$eCcwrN8fKxJ7Tc4JlLF7BYZ8fOcR9GLw4yWQdNuu,Officer
31,seema_iyer_31,$2b$12$SO42uKiv7RyK6txXYPZTQGOAwwln6Eoie0gVZ2cu,Officer
32,vinod_bose_32,$2b$12$jlQM3ScwS8LUWoo7W4mQJBVWFzkmL2dDx5SFhfjB,Officer
33,ravi_singh_33,$2b$12$6nBvbdFo9xb50OXirZRiRBaepZITGgrscAXCg4Kb,Officer
34,arun_joshi_34,$2b$12$AMozPf8eGF9IyDN8pbWvTMVTucHYkWCRNYdWCscm,Officer
35,pradeep_joshi_35,$2b$12$F9HpUlwW1uhw3U3x8EE5GXTeLYHteOtLAQvc1v9r,Officer
36,sunil_bose_36,$2b$12$wXQ7iLWceWwxJLQ6xVJGyOphTExIqqB9r4Eh0C3B,Officer
37,pradeep_chopra_37,$2b$12$RIssjRRkwn9XoEwJC8i2eySDzzJhteCGhZIKViF1,Officer
38,naveen_kumar_38,$2b$12$sk5n6Grem7rMMfNKKkM3u5c1f6VqnJMb3HNspYzC,Officer
39,sanjay_reddy_39,$2b$12$zCvi1t9vyVFgohBid61z73Y5Slj9C2EfyCoKdrL0,Officer
40,seema_tiwari_40,$2b$12$agiqwzcdIwrxBIZMLhfx9IwiLyccSXGj3i5tyM0K,Officer
41,padma_joshi_41,$2b$12$Dbugzt32NLqO8JodDGSWxYpJRlBzzmFLD0TRGI9D,Officer
42,radha_gupta_42,$2b$12$CHHP1QXqE7rs68VRQEDI5SrJH3yvVjc7e5OUnZqI,Officer
43,kavita_patel_43,$2b$12$MKpPGNdzSgVaI5z52Dm7tO4fJHS64k2k59yE6752,Officer
44,manoj_shah_44,$2b$12$L5uCNG3iFqYuTOSausPlLNzAuyf8D6axBquKJqwo,Officer
45,suresh_joshi_45,$2b$12$jQ53VQN6wn7DC9xR4UXZVQKWGGw4gZ3mHk0BQSE3,Officer
46,sunita_reddy_46,$2b$12$izIIPtbpaneARHd39DrliNT7x3B4xe72i1h9yh8Z,Officer
47,manoj_reddy_47,$2b$12$PHGZpvr6SgYzV2amgcLRdTyon1dFrYTtLPtsiOns,Officer
48,girish_shah_48,$2b$12$24MAE86PWtzjxUD0sRX4I8IipmO50fSlqPL2lVSI,Officer
49,neha_mehta_49,$2b$12$s4nlTUU4RRyotrCOtw2CXSVtmtc1TbIKSsmoJpI6,Officer
50,rekha_pillai_50,$2b$12$7NEkXkSE4HNdc06PVz0oRaFxMPMDEaIaGr8bYPX4,Officer
51,vikram_mishra_51,$2b$12$jlGYqyxzJ9oQ0O1VfxIdakEAWJ1fGcn13Dce53Ic,Officer
52,priya_rao_52,$2b$12$KUSyekoZy3uUi9SF8dBZvV7yVbq9Ew6AQOfMXSfj,Officer
53,ajay_mehta_53,$2b$12$wf6BVgfAIFgfILW1azWSI9pGQkqqjkrsWw6SEMCi,Officer
54,ajay_mehta_54,$2b$12$0x1BAZOKsLRDlytTN8WurWw5m9lVbT6mXZe0XPis,Officer
55,kavita_das_55,$2b$12$We9DyF5QHXw3HNfVOwOc8QyU7AaqFGJJByVKFvbg,Officer
56,anita_patel_56,$2b$12$ZTvvWGvgSCecSbvgX5TFIuACXNlOyT2BAanrRXJX,Officer
57,kiran_mehta_57,$2b$12$mhPE7tyyhvCkPX4KPtohxiyKJAEH45kkrl0M17Em,Officer
58,divya_mishra_58,$2b$12$OzESBkJXncnrWJVEFJqH9HUVBnATOp2bq1f1hYnT,Officer
59,asha_das_59,$2b$12$kimmdvrHuRrq19Qf7W491h1pSZVPEJqzCN2fFr6w,Officer
60,radha_shah_60,$2b$12$aVTTCPwdHnAnqZuJJEvQdgWCh1Ba7mQiOj5qOpx4,Officer
61,amit_bose_61,$2b$12$MTUAffneKGBavh1RDofXgwsxY2NPeILkvnU5MBn3,Officer
62,vikram_shah_62,$2b$12$TvAXpNpLSr6b02mLlyOWXoxoNe3awtx0AHkD9eKa,Officer
63,amit_verma_63,$2b$12$6yrSVAyNHjfe58juKVONtB7op5hLdPOkaiaEvGYq,Officer
64,kavita_iyer_64,$2b$12$Th3uAGq8MEFd1kjV3PhTa1acw5l7cXSOnp4tZJhP,Officer
65,sanjay_nair_65,$2b$12$X87eCr0uIamIsMCKEVm3Vpazov026aO0TgGoEd9S,Officer
66,amit_nair_66,$2b$12$3GRx8ffiYeJA7oqtXRTtqemWKjkCzH7mtqhjQZRc,Officer
67,kavita_singh_67,$2b$12$S8ydsYk70IIfgXhdWnmyQ6fK4e9mOYf0Yh6d5ASE,Officer
68,geeta_gupta_68,$2b$12$v4rBjMMOE2DfxzNXp9HbxSDWvJtqbLbYrYDwKojp,Officer
69,nitin_tiwari_69,$2b$12$Y4d9n0Xv00kKXR4bR6IIl92EtEfonGa4miS40ubK,Officer
70,vikram_mishra_70,$2b$12$17x6ygsij6X7Ok8R5WnKktQhT66y97cL57nJ6iUo,Officer
71,pooja_singh_71,$2b$12$YPTuanQvWScBAkz2vxZWJVnBXcbqgv3je68u93RA,Officer
72,vinod_das_72,$2b$12$jgmlRSTqrodJ0jwAsPLmbksf0tyEOfHl2wBqCoqd,Officer
73,sunil_chopra_73,$2b$12$YzUodyG7Q6Josy0cJGJ8j6B6knlceQmYjKtTYfII,Officer
74,rani_reddy_74,$2b$12$4aRKWgjJK7ggWW122qOJDkyMQyy2QdDqxuXt01Q8,Officer
75,arun_joshi_75,$2b$12$8BZqzOlnZTV1YFjtFi02blZZpC4RqZFNhbxKl1Kv,Officer
76,nitin_singh_76,$2b$12$rxkJ71OQqzbWVa4OLapXs7NAxvpCPZygFP0xOLsg,Officer
77,pradeep_iyer_77,$2b$12$N1qS3sjV3XXLOQSO9qzycRJlTnHW4PF002lghqYV,Officer
78,pradeep_singh_78,$2b$12$nn2A2xKChdNJMDmhQGz1j9v939i1lfu9tdCmVJjW,Officer
79,arun_pandey_79,$2b$12$AAADaHT63UGbaTo2tgFsec6CGGAQi9EUk4Ybn9nb,Officer
80,vikram_chopra_80,$2b$12$SXxNVMKcgZchBhpRmQaAgGMRz3FMrWELWZ8wzjH4,Officer
81,radha_nair_81,$2b$12$aP4ZPjfFSgpo9sCgkcsXtTfVc0PkwBM2fYly7qx0,Officer
82,pooja_patel_82,$2b$12$iT80g4DJBLWL12T3DE3BdOa1GUSn72GQMATDPNjZ,Officer
83,rajesh_gupta_83,$2b$12$FDEkUturFIxYeBJfEt8UbzcIZX7N3IOCvZY0uVLS,Officer
84,sushma_patel_84,$2b$12$gOawNXHxg3EYUzpmh0nZluUcNPh3CKF7aTIAK5W4,Officer
85,arun_patel_85,$2b$12$yL2Fx84Vq78CizRUsR1S6NmMsvP8O7FRthvDJPzU,Officer
86,geeta_sharma_86,$2b$12$GbjPmUjrp0QsUcYg1T1UIoWXrP5y78tIapMW1Z4R,Officer
87,padma_tiwari_87,$2b$12$TmSlB8e7Thcrqj0aC6c5LVM0sWIeRG7GWjHzv2Pu,Officer
88,neha_pandey_88,$2b$12$G9Z8aPB4MM7Qt46xHr4YxXBc3lF6k7HaePV1AgHR,Officer
89,anita_kumar_89,$2b$12$bScelpeY4zBztyhaSdUc0wFrQLr5xYbjnUX0sNs2,Officer
90,priya_tiwari_90,$2b$12$2icJyHfnTTn40ilMphPJdU9INePpmJ6wPorelEuO,Officer
91,dinesh_shah_91,$2b$12$wtAapnTB0iT2CwsIkL01iHq2eebFbKzK4IH9DWwn,Officer
92,kavita_reddy_92,$2b$12$Ffwao78QUijJJ2jT6cVoqoPGXy42cOg8NqTJJxxK,Officer
93,naveen_iyer_93,$2b$12$x4Gv1EDLFikeNnlwShoYSDDnjZbcJjNcJdql7LIb,Officer
94,anita_rao_94,$2b$12$B91kZLXYlOqSvCKoxgm1FAjfDMcWFhDiLZ3WOGwc,Officer
95,anjali_pillai_95,$2b$12$WxKTVRgiDo1r2zlRWJhaOQtwjOp1AwrQUzWDwIpt,Officer
96,lakshmi_kumar_96,$2b$12$1OUBRknyuIRRj7afj5Adnecx9MGSL6YNBmOXrcLF,Officer
97,vinod_gupta_97,$2b$12$PwO8fryPzmaR4ITIKvYo7CzakFIFvhFpHXpBxDpv,Officer
98,sushma_shah_98,$2b$12$1DpxWnRXzvHRqryUvIltnJlU5lTopqoZZwWhe7Ea,Officer
99,harish_chopra_99,$2b$12$ME931E94rnJdXDHFyQk8RCQanKuLqIoDMwEnRx0r,Officer
100,dinesh_kumar_100,$2b$12$8QYSXI1mXTDaAi3NHtEp1cgknp0fUqwIYvzvQLJO,Officer
101,manoj_chopra_101,$2b$12$uFWBeMC71N5ALz4evtOSLy3W6UGBk0hopUUnyf6D,Officer
102,rajesh_bose_102,$2b$12$G9gMf5yoTBhGkcw41C15Ii6HKCU2ANH4DoftzjaG,Officer
103,kiran_joshi_103,$2b$12$Da56DaAsoaxzIykTyxqAoV4YQrUYz0lrNMqMlbdH,Officer
104,vikram_joshi_104,$2b$12$qSTojEvtX9CXu07dWeDl0YZhVpVBTcCVG8DQtuNc,Officer
105,nitin_pillai_105,$2b$12$Nm31nhNukrhWacWDKxfjfM59MdNRXho8WUXBlQwi,Officer
106,harish_reddy_106,$2b$12$IHEJHuD1L1jGBYHCWFT2MwMtd7YlQVjrztfOc6lb,Officer
107,harish_rao_107,$2b$12$gJZOGRpwLe5mE3eXdI6zwRZqces67gSGlGpMlUzg,Officer
108,sushma_das_108,$2b$12$2klyuj9Bvt9uxVATLInV5p7ByT8KG9ssn1bYQrII,Officer
109,vikram_verma_109,$2b$12$Cjq3ppsJJneuDE3RYfNcYxW5u2A5hVU05NNdGtJu,Officer
110,arun_verma_110,$2b$12$P98UJfAWjuDUHqyARVDmyJI9GpqAQJgzwlvOVkvY,Officer
111,asha_kumar_111,$2b$12$B5oQjTfTpMjZrvXsDuTnHUIM9RPx4GpdmRqC6eOP,Officer
112,meena_sharma_112,$2b$12$s2x8FS4ELfm7ISc5sEUbQws98rdpy9966nvyiTGQ,Officer
113,ravi_nair_113,$2b$12$JAtLBiOKQmiQ34A4VOJjeHSl0jbt87sUYNTjlib9,Officer
114,asha_shah_114,$2b$12$LKobeWi0DOlyDkoz856nPmmk7BMQ13AWLZSy6JHN,Officer
115,naveen_patel_115,$2b$12$BZc9GyTIFNdsysZCAMdGiZCShW6RizBlKSmCpQ4X,Officer
116,sunil_patel_116,$2b$12$RNfRT8LjIcku21kiVdtT7rl37aVaEEYLEnOCBLa2,Officer
117,asha_tiwari_117,$2b$12$YmldvjcJLufg9krORJI7UwcVu3YV0eDh1uznmdJ8,Officer
118,harish_pandey_118,$2b$12$59rLtG9viIGNElLR8abMh0X9zuINamrWtFuaQvSM,Officer
119,sanjay_rao_119,$2b$12$uuP4XODM3HuWzUZsStHmQX3v8rb8M0JyK1URtbzE,Officer
120,kiran_reddy_120,$2b$12$ZsGkxcmfFX4jvD2tuVg8G9mcy1htc02u3gVUbVNn,Officer
121,deepak_joshi_121,$2b$12$rtBhjqaMFmvtiRrpeMvBiDPgdAlKKZRMtYSPH8UC,Officer
122,sunil_reddy_122,$2b$12$gtNVD6i3pwl4u1uEegD0rvJFzSgIesCKopjDemRA,Officer
123,padma_mehta_123,$2b$12$HoPe5JEKCIYk7egYVxEOfY34NajjGyJmQtJ4s6A8,Officer
124,anita_shah_124,$2b$12$a9zhswIdRYw11oRytxxHPDlx50j9PieaSEB9fNzC,Officer
125,asha_gupta_125,$2b$12$CAYxnAaETSq5JccDwJ7eTG1UrGGLpNPPQHJM4HaC,Officer
126,padma_mehta_126,$2b$12$A7Xrc5UTIdDkd9YMrfF0rir1agkKjBYqREX1vfi5,Officer
127,harish_das_127,$2b$12$VoBNnTvNUhkysUUHxRDi1a5BQ7Qc4N7A41uqgOyV,Officer
128,dinesh_rao_128,$2b$12$GQ9taaezGQvSpcMdK3nLh7fLxVOXlglsOeC9VQPV,Officer
129,pooja_singh_129,$2b$12$rdy9qYle8myOgHAMgBqceTWbEOacyjuyaRVDzTYe,Officer
130,rajesh_bose_130,$2b$12$7YDJ5wQyN7fH7eCVOkcxlR3NwfNTilSKEdHtHZB9,Officer
131,pradeep_verma_131,$2b$12$uSznOG61HToeTEb4MpOaN4YgLZdYhKMdmuZTyhQH,Officer
132,neha_verma_132,$2b$12$KuhizRIB5cg0LWaEalfO2zYVQmNGz6LclE6MWvao,Officer
133,naveen_patel_133,$2b$12$M19FCMmdgj04Ej5dwmpM3CgdHjbFeoBJzU3ogooz,Officer
134,ajay_nair_134,$2b$12$eKdBnLlxCmwqubJrgCzVnsjX74JIozG1nDCaA2pA,Officer
135,dinesh_kumar_135,$2b$12$43zc9TFAyYRgEfUQznwo9aPkCJK8CiRl2MRaMxQG,Officer
136,geeta_iyer_136,$2b$12$RLJmQMu5F4wdxCcwORIViuHOTU2RUVt3FAdxCFZD,Officer
137,sushma_pandey_137,$2b$12$wPQ82l2fyl7ekgjjm7bzQ5DATblbXZGuJOWEPGIC,Officer
138,manoj_gupta_138,$2b$12$Woxr0jr7MjHlkR4Xjh9JBwmRP8jB8Hhb5V65j8HF,Officer
139,nisha_joshi_139,$2b$12$8U9PXT5ugDcQhbMnwuLmGWVmf0P78yELFdPySAxa,Officer
140,usha_joshi_140,$2b$12$82fTB9XrX8A3iKfmD19e7Ufz4zISUilxIcZZsICb,Officer
141,arun_iyer_141,$2b$12$sNNhPrl4NbVE8LwDBpQ8YxTbqKjCQwdwN7dsNemM,Officer
142,vinod_gupta_142,$2b$12$H2ZQsQQfJZaGxEv4gjnl3MZGGIUhCeY5DtwY3LVv,Officer
143,priya_patel_143,$2b$12$n1iohieQWeWUcgXFdhpePUW5m3lvf066vjFToJgJ,Officer
144,naveen_rao_144,$2b$12$S7kUaS550DRlPgZ8AFzVtCGEwrSfExCTQ0oz9A13,Officer
145,usha_gupta_145,$2b$12$aPPyGPhyR8T3kwmm0zoAEVVKUX6wP69FjChEo6bT,Officer
146,harish_sharma_146,$2b$12$8xQjMfeUVXmPEqv1H7bA4xtxCcI1sREiSEgPOQJD,Officer
147,naveen_verma_147,$2b$12$yE8Mv8tbcZvUb3vgvwvOpOK4esubuC1J3qRK9xyJ,Officer
148,meena_rao_148,$2b$12$uFVvMwBE0W0Hrc9yoUf0fueXDnXOsXAHmyMCVlbR,Officer
149,dinesh_pillai_149,$2b$12$n7UC6HMVAJMGwjjQsAtZdmzZOpLzhlpZCIBOcjiq,Officer
150,divya_gupta_150,$2b$12$NcSWd3tsd73P2y00oJFhPJWGEfLVtZTXU6ngnrz1,Officer
151,harish_tiwari_151,$2b$12$x6tAQ726wSYb7L0P6QWoIt7wYh11y4y8pfZon34N,Officer
152,sunita_iyer_152,$2b$12$1Z6Dz0S2YZRFvLYTCbdNNXiyMtfjG8ZV0QXtDTqQ,Officer
153,seema_rao_153,$2b$12$fwyxZJbbILofCq0dMLj7kJaGV5ZEnm6YqUxAmnZT,Officer
154,ravi_gupta_154,$2b$12$zjrqM4wQCaiuQQSRTpfduo4967LUcpMsyw8IJqF5,Officer
155,kavita_singh_155,$2b$12$tGihch2ZU5r2MVqt3t9Vj0OXdjocqRB95cwREE01,Officer
156,kiran_singh_156,$2b$12$mrZUYIPn9aVl5pEfur8hx5gubCRDMqOucMC694Xi,Officer
157,manoj_mehta_157,$2b$12$XUHLfpoVybmyyO7jsXT54LwfwmByqLfAwlNfF8PO,Officer
158,harish_mishra_158,$2b$12$NGsB4Djh30GscecgAfOJppfFhPllyf2sKCPMq72l,Officer
159,sunil_pandey_159,$2b$12$qPAbyaOCzOUTsYMQ7PXfilYRlbDio01HfVjAh3TB,Officer
160,nisha_sharma_160,$2b$12$1KmJZdaNS80TKIsEEKLQYESGAtd3zDE6vRbrlvon,Officer
161,asha_reddy_161,$2b$12$isS7ZPTXX0MrUPimLgz9smcb2wjZ3bdAMhnpvwc2,Officer
162,kavita_mishra_162,$2b$12$Lgd6X7U8WL1gIFkhmwTRVE1jwYhm8VaZDrkqSzNp,Officer
163,anjali_kumar_163,$2b$12$XzzC0XwbjaX6ft8kdVON3dNSOGsyQIsU4arG5RBm,Officer
164,usha_bose_164,$2b$12$W2fHyS2GHnFtvNb3HqZsAFT0qFhU6BJavoUKS6P0,Officer
165,kiran_joshi_165,$2b$12$rWSPSGpuKZwgSZfd3DBwGKGyqEAB5E8ZihSiR1hn,Officer
166,sunita_gupta_166,$2b$12$6w7LzhJcjx9sEXiKd33nYEhv1zJJ3WDSLVFCBB1u,Officer
167,lakshmi_nair_167,$2b$12$3vcPBrfkbNVtNNf7HU7GUFbOG7rmZ0JfHtKE5vlb,Officer
168,lakshmi_iyer_168,$2b$12$f8HrlVj7Qd7lSsgi3p63doLoFF6qtIebN4bIKgVO,Officer
169,manoj_shah_169,$2b$12$zfNm8x9WHA4CaCZr8a5DL0xvNKFcTIsyhiIrAL7t,Officer
170,rekha_reddy_170,$2b$12$qPtn7u4i5LaakIREyf2OH3YBh8xLx0Y8hwlaUVQR,Officer
171,sunil_pandey_171,$2b$12$MYn87cERLa9NgrFkmTPLkKUh512Tr0b8QMQ2aAPO,Officer
172,geeta_das_172,$2b$12$qQCwV2nrABamfJbT8AepktMfDYKMupgovduX6WMV,Officer
173,padma_patel_173,$2b$12$fdct0eh4BsMeQIsxfUoLOaxX2Mv6WCulgKeWmJNp,Officer
174,nisha_pandey_174,$2b$12$BpXdtB7Ut2WjtvwaKQdFZ1Amm4WvPR8LuJ7MzkCW,Officer
175,harish_nair_175,$2b$12$5NQCnDVYYxyZaawIiBN4w8mrnqk0pmkqgZiO2unC,Officer
176,usha_gupta_176,$2b$12$68922ei5XlxxL8pcMlHWudX2082mfDPeFUNFECtx,Officer
177,nisha_pillai_177,$2b$12$qy5Kcnm1ys3J6xIifBvKCMACzXtxloOwf0FNW5ge,Officer
178,girish_rao_178,$2b$12$uPpUV0lLi1SHqVrv96YUaO961oSnoKIDYvf0A6zB,Officer
179,kiran_kumar_179,$2b$12$Jh6aYZvzQzWHubW5j7uNLL18myHlgJB3fgIbQEle,Officer
180,seema_rao_180,$2b$12$oOedGk1zjgHDe71imARDL6KFQraidyYG42CJTr2C,Officer
181,lakshmi_pandey_181,$2b$12$Z0zlMAxORfRc2j2HPeT34zVhwUFWzkmcbNPCvymc,Officer
182,meena_kumar_182,$2b$12$uUEeIp6iY0kbgsHyeVPjwncPnRZYNS3ytdaVV5xo,Officer
183,rajesh_das_183,$2b$12$baYQd7fZPScFYuMM5yAoguaOannOrMc2zVE9SX5J,Officer
184,meena_pandey_184,$2b$12$uNy5VikVQ8Peb4BFTFRabVhoApeiEmxNoS9B2itW,Officer
185,naveen_das_185,$2b$12$Orb0upH4PpQSLxtBa1elNimfKZ5oeStSpkprBNqW,Officer
186,kiran_bose_186,$2b$12$xDALAj7DVAf4sHIkxsrIDuSm4a1TxzzyUxt9e29h,Officer
187,deepak_das_187,$2b$12$7VUvRNwdxApD5wRbPjL6jpJPkhfSxR8e42kAQFH2,Officer
188,geeta_singh_188,$2b$12$gJXYqmURakEgVzzrAkliEFgJnmUYl82B4gNefhdb,Officer
189,harish_pillai_189,$2b$12$PgdUaK9gGaL9V5DuAw39Y6PxdwugCRS3iL1rRYwM,Officer
190,rani_das_190,$2b$12$OaN6tN28TQoETXv66DORgxLS12WSbEfZ99C37DHp,Officer
191,sunil_patel_191,$2b$12$ASj53VnpD3hiHSfQ25VLNxSTxNI1YnhffT6Uhw07,Officer
192,manoj_verma_192,$2b$12$KlyAVX5hPKga0tYsnQjrU0ZctFQq0JNns7dYjS05,Officer
193,amit_gupta_193,$2b$12$1TsY4jbyADvyeTr5RHguX1d5sOJBD3nXmOw1gW1x,Officer
194,pooja_verma_194,$2b$12$f8ld8OK8MzcoEQ7OxQXOW1OrOwhfEPFbJJqUXlEN,Officer
195,seema_shah_195,$2b$12$huS1HzRyYWGdZHYOUmOh1RaBtcJOfpUfhs7k8Opc,Officer
196,divya_reddy_196,$2b$12$iEt49LFQPcci1niIKrTAIqOkC6P6imNqNOSIOFkY,Officer
197,geeta_bose_197,$2b$12$bLehgHeNwuq1nax8xg5kTtYEGR1IL3k6yvT8GK0D,Officer
198,nitin_sharma_198,$2b$12$QSOiJq4NwWQzCBvDr7GS5oNfsV0NeofJfr5Ya6P5,Officer
199,harish_pillai_199,$2b$12$F93RzM4USRUpT6Z2GLL7P2Gne0F7Axxh4pHVhssn,Officer
200,neha_joshi_200,$2b$12$57F3530daCsgvSyaAmG3z4aVpDxw3Hq9OBiUa2Rg,Officer
201,sunita_kumar_201,$2b$12$yU3jmDPqAIXSuV2F50yggbjFVoQv8TArEVpjFpV1,Officer
202,ravi_rao_202,$2b$12$DWgTLl1Mjhyqljbm1xGR8nAdAdgw6Sp3laOtrrLA,Officer
203,nisha_chopra_203,$2b$12$ugPQViwYUKLorKfgNLc82YlBg6MsDVHjhzS3V0Iv,Officer
204,sushma_patel_204,$2b$12$4ez5FbLRhcJXRTyQ18kUxWyqljnR2XCRGsnRIkco,Officer
205,arun_iyer_205,$2b$12$5qXNpZHavLwfRISzLudYZn7k8H8WWgUxO1NIYnqK,Officer
206,kavita_reddy_206,$2b$12$oTw3fll1lETObklyLeep48gGTYLxbZVNcpfiMa77,Detective
207,girish_mehta_207,$2b$12$0fiV3YtDpHqHbcHg2zanoxvr5QQS3E9n7reuw5fc,Detective
208,sanjay_das_208,$2b$12$GLQjPsYvg4P5YSea5jOtySWDeJ7rf9lxtAQzXuXO,Detective
209,ajay_das_209,$2b$12$IHEHofSGWYnfwm0wDig4w0WiCZI5AnnUhRiTRAdg,Detective
210,harish_pandey_210,$2b$12$1bweeJYjlUURszuWRrj2bUFaZQ2IZ4FRAj8G8hnM,Detective
211,ajay_gupta_211,$2b$12$Y8LeQDOzxdxAqgwWuokgna4lm5ofJc9Dcft8U7Ft,Detective
212,usha_kumar_212,$2b$12$RgzTgYjKxK0rjC2fS2YOVj7GTO5vWvw1A3VymLej,Detective
213,meena_sharma_213,$2b$12$i1H8Wfft5krwflVpDp2OihJc1y14hw07xQFq2QMN,Detective
214,girish_sharma_214,$2b$12$jgxJ0n2PvDHYglg7yAydvLnThCH6jnJ9WdYW8nnb,Detective
215,rekha_iyer_215,$2b$12$NfezsS2GPqZf3vUkvzDQjRvQyaWLePMu96UTtjCj,Detective
216,meena_das_216,$2b$12$qS961NNJcUlRWLnnlQ7wwstYhE9zvZA8u5CxIkBr,Detective
217,seema_pandey_217,$2b$12$64gfZfb5gUMHNFXP0nWIh16vXC4NWy6WFqOt34Pa,Detective
218,sunita_sharma_218,$2b$12$bX0GTtkJAIyMyd5A6yTytjoShhJyV4ZjtfbaVjMH,Detective
219,dinesh_bose_219,$2b$12$bT8NWlOnm0TYxqdfib91g5hiqle04mgXzEMnA3NB,Detective
220,sanjay_joshi_220,$2b$12$alJLb89EMHjT5lbbFj1hnunT6qD7vIsUEFylkQ3r,Detective
221,meena_shah_221,$2b$12$XKkmSABKqtgxmv3YB37pzL26GyhYAlpnxitaQSnJ,Detective
222,anjali_tiwari_222,$2b$12$ernnIS6YPJOQAYmdEcrhCLKobbWJaCi7cHGubDZz,Detective
223,rekha_mehta_223,$2b$12$UyItLyRC07hxMbcaguQBkl3w3951qWg6euLYqkiC,Detective
224,pradeep_kumar_224,$2b$12$U37zBhGJO8tToqsfI2OTme8danYlgmKG1VtCjF4n,Detective
225,lakshmi_reddy_225,$2b$12$1FWlrkt1Oj2Uo3lbPCq5fAjFFdqgOTAsyKGEAQO7,Detective
226,vikram_verma_226,$2b$12$3JoGr2RzynZQEkmNRral4MT0QkQkuC7PAb82kVav,Detective
227,padma_sharma_227,$2b$12$EpgYJ9ZGkjfsTCT9pEwavS3W13KgQTb81OiEpT8w,Detective
228,deepak_bose_228,$2b$12$N72Q3B7GqQ3yz9tcGvLAC8Xr8EQCj7MPsrXacrKd,Detective
229,priya_das_229,$2b$12$vZdi2WF7I7SiTA4sb5pQxy435LkB2XiVpzmss5Cl,Detective
230,meena_kumar_230,$2b$12$GRFQwvC7C4bVfi4WJxM32d0hPCVG0fq9gKYJQ1hK,Detective
231,deepak_mishra_231,$2b$12$iTEnP0st9aEQhaLhgmDZBdhz8Y0HYQ1MANlYOkTH,Detective
232,nisha_joshi_232,$2b$12$rgKwrxXCYjrhyJcOOB4vi2CajF1n3GFkjOIC1iWO,Detective
233,anita_pillai_233,$2b$12$xDOJ5WGiu7vMzc0jfg5DV8YTo3k3UAdLh0eVL05t,Detective
234,lakshmi_kumar_234,$2b$12$9JmpBrmkYYlKNPmY3wzHelT4NEZJDvMIieAxeeWs,Detective
235,harish_nair_235,$2b$12$dHbYrZyw2jrHoGLtMH3K69OcAm3dmYuU4dEXILZY,Detective
236,anita_das_236,$2b$12$LLeI6qccFOAs08bdVYH1QTIdVRAAiB38wmBdoKoU,Detective
237,rajesh_nair_237,$2b$12$YehlcvOpsLDhepHETw4nS6WsOGqRFd3RMrmi8oTn,Detective
238,kavita_verma_238,$2b$12$8ROChEcrxZfrLE1xcmlAdsHvbL354YKUvZAATTdg,Detective
239,seema_tiwari_239,$2b$12$CJJGkxU5iaX6fpHuyMwOWYLhJtqlCBC7D0nd6rLt,Detective
240,suresh_gupta_240,$2b$12$pWqEok2OoOlFBtIo798a00HcogFhemJZQeArbLw8,Detective
241,nisha_joshi_241,$2b$12$Mjc54bLYFWFKvnZcTx9ee6nFJHzT0GdDGBqZsppV,Detective
242,anjali_reddy_242,$2b$12$t8QB7zeIewEoWoZ95p4PPLXvhzFjE2mlCkzVSDg1,Detective
243,priya_gupta_243,$2b$12$9i144vyISh33KM9cTwBzBZrDilV46f3KwOxBFK6g,Detective
244,nisha_mehta_244,$2b$12$cGGF5rxU7c62TAr2tvkrEnk6qLgorfIFkLc3HmEY,Detective
245,neha_joshi_245,$2b$12$6JTGZsgR0BAq19ThveXTuFrNFWRt5A5Xt0O2cNai,Detective
246,anjali_rao_246,$2b$12$qjYTrm261UaeImlzqxKNEOlsosEXywDfg2Ur8uPh,Detective
247,radha_patel_247,$2b$12$vyh201LQbqn0zIuPzYAqdEnNcBn2HWg8LiH6bxWu,Detective
248,divya_singh_248,$2b$12$OGwmjH1oX4unT6cb6gyEjsoVpqhWOiTqfeSVzaZL,Detective
249,vikram_shah_249,$2b$12$XmLtuFbqmqODsf7ID4HpbEyxHgn8yowINuY8fk1E,Detective
250,sunil_kumar_250,$2b$12$yZG0VdEzTZcQL2qmIEE7oCDITT5AehaGhm1h2EMG,Detective
251,girish_das_251,$2b$12$ysAs5PGMxOiGmMSGpC65S0iGZazje8tlRHudDjvI,Detective
252,kiran_sharma_252,$2b$12$5rY1KsMzpHOejTrqgXKVuVKrY2PDkW9fXjk2u3dF,Detective
253,geeta_pillai_253,$2b$12$uFhIxxDtGG2076ZS0IEWQIAvbwCPTnI96xlUaBGa,Detective
254,radha_patel_254,$2b$12$44FaqONy9RqdJbSDLCkUOHgwMSRk0fZhBSt1r0OT,Detective
255,radha_gupta_255,$2b$12$4K6G6yZPeZFTfBrmFkUZaqvvJRJChfTlK7VWnxfS,Detective
256,manoj_rao_256,$2b$12$UTtxrrJzZqm8qBfwwVGZQk6KjJ9AOQrv8IUqFnnq,Judicial
257,naveen_gupta_257,$2b$12$DCuIO3tgw3jDu3lwkHUBMKRTDpSLDyc5o55gAqJK,Judicial
258,naveen_gupta_258,$2b$12$5276m8Uiu78tVXCkaj2seomfpQ0xDvDQR4PZRVfh,Judicial
259,ajay_mehta_259,$2b$12$3YTAyeETKnLVwvZLU4OilnAvOArxYc7AkQZCfQg1,Judicial
260,sanjay_mehta_260,$2b$12$hFQaOPAdAUhY4FWS08glAV1ea6RpFM2ACc1CdLwA,Judicial
261,priya_tiwari_261,$2b$12$qszBscgTGykHhiE3vCM445YJcucLSYgFSuNsylUS,Judicial
262,ravi_patel_262,$2b$12$XJ9MHXRdJn5rQlFcylramWOrCWNgnRnLTLCAKHDI,Judicial
263,radha_mehta_263,$2b$12$vBCUnRPpc07NIvm9wstPbMkvA9b8IEo5iL0gn9Jl,Judicial
264,ajay_tiwari_264,$2b$12$zUzLtwg27VtHy1ECZB5lrHuCk4xO8zNMiM9LT6up,Judicial
265,anita_chopra_265,$2b$12$bLWyFl4CSoDSmiebJCQBokCNXZ24pSeUQzGDxW72,Judicial
266,vinod_tiwari_266,$2b$12$SBZdYZScy5NBWg0UJXSwOipDquRCRUUvQuBprciG,Judicial
267,rahul_chopra_267,$2b$12$IStSJsSPjXhL1po0KjawF1GD38NKFGx5O1DExPen,Judicial
268,rahul_kumar_268,$2b$12$rWWOwC4400WGomPygueIHT28dJppTQOpQCcLIflZ,Judicial
269,arun_mishra_269,$2b$12$smpVDg2dWeDBDgKLsaA4SBNKNU9pzqNuDrOqGvQF,Judicial
270,meena_gupta_270,$2b$12$Et8DkeAs5BNHlWVnFtGgsLJjjVW0Lj78OWWq5D1s,Judicial
271,manoj_mehta_271,$2b$12$TZttIVa6dzOiCrYmPpZbAxITXMBqejS6K76Wy7Rp,Judicial
272,sunita_patel_272,$2b$12$dvHBrD2e8TZ2KJIBuHOIYQiV1RT7wVUntowm8qL5,Judicial
273,vikram_das_273,$2b$12$AXXZd9xJ972uHrueefIgjF0JDOleQYC39julJCWT,Judicial
274,priya_bose_274,$2b$12$JaZbnAqnPuCPVJv21jVmlbL0WH7utomsAq6nwi3B,Judicial
275,priya_reddy_275,$2b$12$10mdBmVKh8FJGkm6Tw9znfFDF6bxA7gwte6OoROY,Judicial
